date,shipment,route,hub,carrier,weight_kg,delay_min,status,cost_m
2026-06-01,SHP10294,HCM-DN,Hub South,VTPost,182,168,Delayed,3.8
2026-06-01,SHP10295,HN-HP,Hub North,GHN,96,142,Delayed,2.1
2026-06-01,SHP10296,DN-HUE,Hub Central,GHTK,74,81,In transit,1.7
2026-06-08,SHP10318,HCM-DN,Hub South,VTPost,205,149,Delayed,4.2
2026-06-08,SHP10319,HN-HP,Hub North,GHN,102,156,Delayed,2.4
2026-06-08,SHP10320,DN-HUE,Hub Central,GHTK,81,88,In transit,1.8
2026-06-15,SHP10342,HCM-DN,Hub South,VTPost,194,126,Delayed,4.0
2026-06-15,SHP10343,HN-HP,Hub North,GHN,117,171,Delayed,2.6
2026-06-15,SHP10344,DN-HUE,Hub Central,GHTK,89,93,In transit,1.9
