snapshot_date,warehouse,sku,category,on_hand,stock_value_m,age_days,turnover
2026-06-01,WH-A,AC-LG12,Air conditioner,87,418,142,1.8
2026-06-01,WH-B,TV-SS55,Television,64,367,96,2.4
2026-06-01,WH-C,BL-PN03,Kitchen appliance,121,244,73,3.1
2026-06-08,WH-A,AC-LG12,Air conditioner,82,392,151,1.6
2026-06-08,WH-B,TV-SS55,Television,71,405,105,2.0
2026-06-08,WH-C,BL-PN03,Kitchen appliance,118,238,82,2.9
2026-06-15,WH-A,AC-LG12,Air conditioner,76,361,160,1.4
2026-06-15,WH-B,TV-SS55,Television,79,446,114,1.7
2026-06-15,WH-C,BL-PN03,Kitchen appliance,115,231,91,2.7
