date,store,product,category,qty,revenue_m,cost_m,margin_pct
2026-06-01,Store A,TV Samsung 55,Electronics,14,34.1,27.9,18.2
2026-06-01,Store B,Aircon LG 1.5HP,Appliances,9,29.8,24.0,19.5
2026-06-01,Store C,Panasonic Blender,Kitchen,22,18.2,14.9,18.1
2026-06-08,Store A,TV Samsung 55,Electronics,13,31.2,25.8,17.3
2026-06-08,Store B,Aircon LG 1.5HP,Appliances,10,30.6,24.5,19.9
2026-06-08,Store C,Panasonic Blender,Kitchen,23,18.7,15.2,18.7
2026-06-15,Store A,TV Samsung 55,Electronics,12,28.9,24.4,15.6
2026-06-15,Store B,Aircon LG 1.5HP,Appliances,11,32.4,25.6,21.0
2026-06-15,Store C,Panasonic Blender,Kitchen,24,19.1,15.3,19.9
